Ticker,2 Years,5 Years,Last Price,Last Date,Sector
MMM,1.4236389177180948,0.3462115877565909,128.5500030517578,2025-04-07,Industrials
AOS,-0.04353508957491598,0.6585487190462721,60.63999938964844,2025-04-07,Industrials
ALLE,0.7225491983890048,0.4118826226156617,120.77999877929688,2025-04-07,Industrials
AME,0.417510746165402,0.9070843947629512,153.3300018310547,2025-04-07,Industrials
ADP,0.9928617839861976,0.9224707703065571,281.2200012207031,2025-04-07,Industrials
AXON,1.616732990435767,1.4738272378153896,502.54998779296875,2025-04-07,Industrials
BA,-0.6879167050788474,0.1910808196175369,138.86000061035156,2025-04-07,Industrials
BR,1.7952841720328112,1.070380938438206,220.24000549316406,2025-04-07,Industrials
BLDR,0.7202672137706527,1.5858960341408257,118.91000366210938,2025-04-07,Industrials
CHRW,0.14373444146186376,0.40373348117142793,89.16999816894531,2025-04-07,Industrials
CARR,0.9649959574729631,1.5146556195825245,56.83000183105469,2025-04-07,Industrials
CAT,0.9513811754591377,1.004576783195522,280.05999755859375,2025-04-07,Industrials
CTAS,1.6333050806993985,1.7480316496155868,190.5399932861328,2025-04-07,Industrials
CPRT,1.4065852288926197,1.3216895050195692,54.220001220703125,2025-04-07,Industrials
CSX,-0.23458184554508407,0.4391674293292751,27.09000015258789,2025-04-07,Industrials
CMI,0.8213435263505091,0.922819169058191,275.6700134277344,2025-04-07,Industrials
DAY,-0.42603924007218263,0.21376432447894161,51.2400016784668,2025-04-07,Industrials
DE,0.5848530145711202,1.228194221787524,423.3500061035156,2025-04-07,Industrials
DAL,0.43182037796620915,0.5889853967846972,37.290000915527344,2025-04-07,Industrials
DOV,0.315510229041438,0.7551098355844648,151.47000122070312,2025-04-07,Industrials
ETN,1.0760837585476246,1.208231158325423,252.4499969482422,2025-04-07,Industrials
EMR,0.5596396137392106,0.8704545012330405,96.97000122070312,2025-04-07,Industrials
EFX,0.2590382701714843,0.6468081502433877,208.69000244140625,2025-04-07,Industrials
EXPD,0.10035133083067894,0.5628821153899141,105.66000366210938,2025-04-07,Industrials
FAST,1.458540728799922,1.1255837655176377,72.16000366210938,2025-04-07,Industrials
FDX,-0.059229482246731066,0.5971539998091796,205.22999572753906,2025-04-07,Industrials
FTV,0.06387284872654407,0.3472955720142512,64.6500015258789,2025-04-07,Industrials
GE,1.965263575909779,1.4888376551635953,167.6999969482422,2025-04-07,Industrials
GEV,1.9065725604956139,1.9065725604956139,286.07000732421875,2025-04-07,Industrials
GNRC,0.37847971668702296,0.35016252915770957,110.6500015258789,2025-04-07,Industrials
GD,0.42710205398116785,0.9098996993143733,247.67999267578125,2025-04-07,Industrials
HON,0.07847806324313074,0.4866512801206668,187.4600067138672,2025-04-07,Industrials
HWM,2.5393070892980396,1.9135262195329232,115.77999877929688,2025-04-07,Industrials
HUBB,0.9704829734699082,1.1350262806266551,316.8900146484375,2025-04-07,Industrials
HII,0.023214739960539587,0.15674619405239693,183.30999755859375,2025-04-07,Industrials
IEX,-0.7487563469814218,0.20261049216816818,162.92999267578125,2025-04-07,Industrials
ITW,0.048824412486127754,0.616596685421268,221.75,2025-04-07,Industrials
IR,0.6005402625512436,1.0055181113143286,67.94000244140625,2025-04-07,Industrials
JBHT,-0.4533418473814944,0.42388037175466886,132.07000732421875,2025-04-07,Industrials
J,0.5350302049133032,0.6582980000359105,111.05999755859375,2025-04-07,Industrials
JCI,0.765224336076221,1.0326054182958704,72.02999877929688,2025-04-07,Industrials
LHX,0.2279880986686695,0.24322815223111316,200.2100067138672,2025-04-07,Industrials
LDOS,0.8680212351829174,0.42905227223891673,132.89999389648438,2025-04-07,Industrials
LII,2.135901133834805,1.1207277421285706,524.25,2025-04-07,Industrials
LMT,-0.23046867919778496,0.36096760035616227,430.82000732421875,2025-04-07,Industrials
MAS,0.9661316327577989,0.6405128472517885,60.959999084472656,2025-04-07,Industrials
NDSN,-0.4732086283498291,0.23321419119617742,170.8000030517578,2025-04-07,Industrials
NSC,0.27014247261145863,0.511470382875612,208.0500030517578,2025-04-07,Industrials
NOC,0.21348224684680378,0.556292858144059,481.57000732421875,2025-04-07,Industrials
ODFL,0.017963350103859948,0.8523476281595972,151.41000366210938,2025-04-07,Industrials
OTIS,0.6116869188783417,0.9057178797596822,91.95999908447266,2025-04-07,Industrials
PCAR,0.9445722611858481,1.0859346842973712,88.13999938964844,2025-04-07,Industrials
PH,1.4455829927948765,1.4663281836353872,531.6500244140625,2025-04-07,Industrials
PAYX,1.021450537876684,1.1300256086988987,140.49000549316406,2025-04-07,Industrials
PAYC,-0.1774098454673884,0.18659793171899455,196.52999877929688,2025-04-07,Industrials
PNR,1.2437799690729714,1.1052764155729498,77.52999877929688,2025-04-07,Industrials
PWR,0.9334599460763189,1.7852014532027038,245.1999969482422,2025-04-07,Industrials
RTX,0.6319653338158365,0.8275052354993805,117.31999969482422,2025-04-07,Industrials
RSG,2.3603703090521053,1.6257480471572656,230.92999267578125,2025-04-07,Industrials
ROK,-0.16390964990069856,0.45883352143886275,227.6199951171875,2025-04-07,Industrials
ROL,0.7686243636398004,0.8775935142547453,50.95000076293945,2025-04-07,Industrials
SNA,1.0440119830014563,1.2278031062339623,310.7699890136719,2025-04-07,Industrials
LUV,-0.11083247569375557,-0.005230133022409671,25.959999084472656,2025-04-07,Industrials
SWK,-0.16252394333249665,-0.2652656227785471,59.27000045776367,2025-04-07,Industrials
TXT,-0.19995529022317052,0.7810345725245599,61.09000015258789,2025-04-07,Industrials
TT,1.7953762016566717,1.4752349677912315,316.1700134277344,2025-04-07,Industrials
TDG,1.9179005316933189,1.4560822349628881,1249.550048828125,2025-04-07,Industrials
UBER,1.7301421765941594,0.9417101535176571,65.63999938964844,2025-04-07,Industrials
UNP,0.3969596411831523,0.6393169001711466,209.97000122070312,2025-04-07,Industrials
UAL,0.8099427800864998,0.7307335555061262,58.77000045776367,2025-04-07,Industrials
UPS,-1.0237572195041365,0.22754044336517074,95.55999755859375,2025-04-07,Industrials
URI,1.318000528053396,1.595937481664959,560.7899780273438,2025-04-07,Industrials
VLTO,0.5113686272884191,0.5113686272884191,87.11000061035156,2025-04-07,Industrials
VRSK,1.2561299479862336,0.793407670357947,278.0899963378906,2025-04-07,Industrials
GWW,1.3523393755854938,1.6518682479735862,923.8499755859375,2025-04-07,Industrials
WAB,1.4456387603222711,1.1816364733191842,161.4199981689453,2025-04-07,Industrials
WM,1.1976704907137716,1.2792602961123274,220.55999755859375,2025-04-07,Industrials
XYL,0.1894025604365503,0.5645466640102169,103.69000244140625,2025-04-07,Industrials
ABT,0.8467418099757795,0.6320679420242238,124.86000061035156,2025-04-07,Health Care
ABBV,0.5791609221098509,1.2297714920148537,186.5500030517578,2025-04-07,Health Care
A,-0.6136612221232568,0.42975080428907253,103.58999633789062,2025-04-07,Health Care
ALGN,-0.8876895211047655,0.17798309475639218,153.35000610351562,2025-04-07,Health Care
AMGN,0.6413423712188373,0.6009443210053859,289.69000244140625,2025-04-07,Health Care
BAX,-0.6367512515954492,-0.7977598463023963,28.639999389648438,2025-04-07,Health Care
BDX,-0.5536380306137054,-0.08722504143374414,205.0800018310547,2025-04-07,Health Care
TECH,-0.6329288785937012,0.29446276208827526,52.310001373291016,2025-04-07,Health Care
BIIB,-2.356636128047365,-0.48998365364912183,119.19000244140625,2025-04-07,Health Care
BSX,1.8363997593377654,1.0559190349199423,91.54000091552734,2025-04-07,Health Care
BMY,-0.4005648109429852,0.19165970975374735,55.189998626708984,2025-04-07,Health Care
CAH,1.63025821035698,1.1478655933241424,125.68000030517578,2025-04-07,Health Care
COR,2.171174104644354,1.678791450834789,274.55999755859375,2025-04-07,Health Care
CNC,-0.06273773890794118,0.05908546057858875,61.349998474121094,2025-04-07,Health Care
CRL,-0.6220562763500443,0.160789193096738,134.07000732421875,2025-04-07,Health Care
CI,0.6081049727452789,0.7066766749901218,315.3900146484375,2025-04-07,Health Care
COO,-0.6687755472558485,0.08612156882450558,73.30999755859375,2025-04-07,Health Care
CVS,-0.07534072149620893,0.2904067113788669,63.849998474121094,2025-04-07,Health Care
DHR,-0.4162678784200127,0.4715514155798439,180.6199951171875,2025-04-07,Health Care
DVA,1.1896514040554742,0.5836763134815949,146.61000061035156,2025-04-07,Health Care
DXCM,-0.39790072735167614,0.20042823537816357,61.630001068115234,2025-04-07,Health Care
EW,-0.14670669325129235,0.10793813093924895,69.0,2025-04-07,Health Care
ELV,-0.22445160838503034,0.7394573008019114,423.1400146484375,2025-04-07,Health Care
GEHC,-0.4112120264947113,0.15603073475703275,60.9900016784668,2025-04-07,Health Care
GILD,1.0002727395954167,0.7994757838632981,105.5199966430664,2025-04-07,Health Care
HCA,0.6112175142958736,1.087691122279759,329.6300048828125,2025-04-07,Health Care
HSIC,-0.7674724506172925,0.32432547475507306,64.30999755859375,2025-04-07,Health Care
HOLX,-0.9779820744097067,0.5191264829647789,61.27000045776367,2025-04-07,Health Care
HUM,-0.8903846586767943,-0.07581609968825813,254.7100067138672,2025-04-07,Health Care
IDXX,-0.457332614475469,0.49947944404320355,378.989990234375,2025-04-07,Health Care
INCY,-0.4397186654840051,-0.23158422924284897,60.290000915527344,2025-04-07,Health Care
PODD,-0.19330890954472132,0.49037730847852967,256.2300109863281,2025-04-07,Health Care
ISRG,1.5639886477985265,1.007172390210115,463.6199951171875,2025-04-07,Health Care
IQV,-0.5507847030939609,0.309790531892339,153.00999450683594,2025-04-07,Health Care
JNJ,-0.1578755815298953,0.3001667682483235,150.6199951171875,2025-04-07,Health Care
LH,0.5295150299245339,0.7795378606067637,223.5,2025-04-07,Health Care
LLY,1.7986692637333872,1.9327273444541346,723.72998046875,2025-04-07,Health Care
MCK,1.5163737153339827,1.9106954256042454,661.969970703125,2025-04-07,Health Care
MDT,0.34040357542003385,-0.017196097236739198,83.1500015258789,2025-04-07,Health Care
MRK,-0.7450920062501304,0.2430211819587944,81.18000030517578,2025-04-07,Health Care
MTD,-0.777217369837834,0.46960581180876215,1032.1500244140625,2025-04-07,Health Care
MRNA,-1.8135207365138273,0.4265196070734923,25.639999389648438,2025-04-07,Health Care
MOH,0.5346463229761507,0.8827318052927711,340.3800048828125,2025-04-07,Health Care
PFE,-1.5811691780656998,-0.14203477866172318,22.6299991607666,2025-04-07,Health Care
DGX,0.7173701376172368,0.9650460179138647,164.30999755859375,2025-04-07,Health Care
REGN,-0.8981772137325293,0.23075063330156736,572.780029296875,2025-04-07,Health Care
RMD,0.11664907699525714,0.3811387013110678,213.0,2025-04-07,Health Care
RVTY,-0.5762627380084483,0.3360671541059377,96.16000366210938,2025-04-07,Health Care
SOLV,-0.10369458788592277,-0.10369458788592277,65.31999969482422,2025-04-07,Health Care
STE,0.425460222216623,0.4653157516298523,212.75999450683594,2025-04-07,Health Care
SYK,0.6907888984458935,0.8499213084269639,345.3399963378906,2025-04-07,Health Care
TMO,-0.8490549417823705,0.4671449593180766,437.8699951171875,2025-04-07,Health Care
UNH,0.19255988787712314,0.9306933310101049,524.7000122070312,2025-04-07,Health Care
UHS,0.8028395116362691,0.5705784162955179,171.6699981689453,2025-04-07,Health Care
VRTX,1.1210722169246958,0.644133247887342,474.55999755859375,2025-04-07,Health Care
VTRS,-0.2789059147258314,-0.28383777450072445,7.610000133514404,2025-04-07,Health Care
WAT,0.36039785685718506,0.6461946472000252,325.79998779296875,2025-04-07,Health Care
WST,-0.4023044297554649,0.29915477780253685,201.47000122070312,2025-04-07,Health Care
ZBH,-0.540063158775227,0.11133411350389656,104.83999633789062,2025-04-07,Health Care
ZTS,-0.23116260720411316,0.27899092546552356,149.10000610351562,2025-04-07,Health Care
ACN,0.14536847415505572,0.6476218936226631,284.7200012207031,2025-04-07,Information Technology
ADBE,-0.04543013087925341,0.20609592724873094,340.70001220703125,2025-04-07,Information Technology
AMD,0.12518287860060556,0.6726798840352824,83.63999938964844,2025-04-07,Information Technology
AKAM,-0.0678468509997104,-0.12565858549972486,70.93000030517578,2025-04-07,Information Technology
APH,1.0545827477756222,1.2038796226670863,60.900001525878906,2025-04-07,Information Technology
ADI,0.014764445140887629,0.7574120804272647,171.33999633789062,2025-04-07,Information Technology
ANSS,-0.2695319574816716,0.3206236570071301,284.19000244140625,2025-04-07,Information Technology
AAPL,0.3302078928438479,1.1322646182498823,181.4600067138672,2025-04-07,Information Technology
AMAT,0.48231826620721174,0.9688325377563831,132.85000610351562,2025-04-07,Information Technology
ANET,0.9122866820854812,1.2943171980830823,68.16999816894531,2025-04-07,Information Technology
ADSK,0.6122961241415884,0.47295819097728603,243.6199951171875,2025-04-07,Information Technology
AVGO,1.7387904212601912,1.6919540291541164,154.13999938964844,2025-04-07,Information Technology
CDNS,0.3969217143066472,1.1696456859820519,233.82000732421875,2025-04-07,Information Technology
CDW,-0.34353091641391953,0.4498512321179567,147.1999969482422,2025-04-07,Information Technology
CSCO,0.3392154341547547,0.49182855485663257,54.40999984741211,2025-04-07,Information Technology
CTSH,0.5087780193310504,0.36456413093855666,67.37999725341797,2025-04-07,Information Technology
GLW,0.6108997183745039,0.908967626163606,39.61000061035156,2025-04-07,Information Technology
CRWD,1.6801281352373834,1.2972750654867398,324.3599853515625,2025-04-07,Information Technology
DELL,1.2124602975669274,1.1141736797427866,75.0,2025-04-07,Information Technology
ENPH,-0.9965383828209305,0.6461432142204571,55.7599983215332,2025-04-07,Information Technology
EPAM,-0.6206315249743831,0.15424019903227834,144.9499969482422,2025-04-07,Information Technology
FFIV,1.489097175410873,0.7255201138897945,243.47999572753906,2025-04-07,Information Technology
FICO,2.1834933829810486,1.7117965368884498,1713.199951171875,2025-04-07,Information Technology
FSLR,-0.37214153029531133,1.1303937247464364,130.0500030517578,2025-04-07,Information Technology
FTNT,0.6097317692806641,1.0708638412693354,88.0,2025-04-07,Information Technology
IT,0.6418409049870883,1.4303714716592475,382.57000732421875,2025-04-07,Information Technology
GEN,0.9908704625968509,0.4107939941081057,23.709999084472656,2025-04-07,Information Technology
GDDY,1.7383021016506408,0.9164562306282218,162.47999572753906,2025-04-07,Information Technology
HPE,-0.017579547560200963,0.4687285047172931,13.329999923706055,2025-04-07,Information Technology
HPQ,-0.195958963355434,0.5798122005828351,23.3799991607666,2025-04-07,Information Technology
IBM,1.9678694951841005,1.0304361363334975,225.77999877929688,2025-04-07,Information Technology
INTC,-0.35886397357935174,-0.3643469599107499,19.56999969482422,2025-04-07,Information Technology
INTU,0.6364650348315943,0.859154983626154,556.239990234375,2025-04-07,Information Technology
JBL,0.8001124464405056,1.33745226056897,121.27999877929688,2025-04-07,Information Technology
JNPR,0.24887552823911255,0.7376541669860827,34.13999938964844,2025-04-07,Information Technology
KEYS,-0.25163691013954775,0.41947255143983314,129.88999938964844,2025-04-07,Information Technology
KLAC,1.0160012309563047,1.2272291101790338,604.6199951171875,2025-04-07,Information Technology
LRCX,0.7687362866063928,1.0146752471215827,62.20000076293945,2025-04-07,Information Technology
MCHP,-0.8890984091788566,0.27453431148229757,38.09000015258789,2025-04-07,Information Technology
MU,0.5207571439249032,0.5456353686779156,68.37000274658203,2025-04-07,Information Technology
MSFT,0.7299431412828878,0.9769790176278255,357.8599853515625,2025-04-07,Information Technology
MPWR,0.37052801218524767,0.9450372149569988,488.6199951171875,2025-04-07,Information Technology
MSI,1.2810637164171808,1.243772701421036,403.1199951171875,2025-04-07,Information Technology
NTAP,0.6023921369744345,0.7278751410334999,77.06999969482422,2025-04-07,Information Technology
NVDA,2.230562393376011,2.011557070289243,97.63999938964844,2025-04-07,Information Technology
NXPI,0.15630374010110268,0.7661100892079802,163.2899932861328,2025-04-07,Information Technology
ON,-0.8376940872809978,0.9220115192457321,35.08000183105469,2025-04-07,Information Technology
ORCL,0.6683738469453205,0.9307039310812244,127.16000366210938,2025-04-07,Information Technology
PLTR,3.476173354322606,1.6949872017557546,77.83999633789062,2025-04-07,Information Technology
PANW,0.8138643451189517,1.330679625069573,152.44000244140625,2025-04-07,Information Technology
PTC,0.3288447632847733,0.8133344559062261,139.69000244140625,2025-04-07,Information Technology
QCOM,0.33782949273024815,0.7482234886717432,129.72000122070312,2025-04-07,Information Technology
ROP,0.7117636182401406,0.704672549116285,532.5399780273438,2025-04-07,Information Technology
CRM,0.5839857777933192,0.5402476968716673,244.2100067138672,2025-04-07,Information Technology
STX,0.3822543787100158,0.5567827692466341,68.66000366210938,2025-04-07,Information Technology
NOW,0.9350841607826977,0.8990944409121809,735.5,2025-04-07,Information Technology
SWKS,-0.78799701313388,-0.08001575837200564,53.380001068115234,2025-04-07,Information Technology
SMCI,1.6138794507459242,1.5609108490927441,33.0,2025-04-07,Information Technology
SNPS,0.17702216159368722,1.0482333943221658,380.8999938964844,2025-04-07,Information Technology
TEL,0.10858154638790239,0.7592235213840426,123.5,2025-04-07,Information Technology
TDY,0.05236493463020926,0.3782756722036653,437.8999938964844,2025-04-07,Information Technology
TER,-0.25191387472534127,0.3633846741327717,72.87000274658203,2025-04-07,Information Technology
TXN,-0.11827899290848741,0.6335939225375615,154.0,2025-04-07,Information Technology
TRMB,0.424365321636701,0.5825101292122856,56.02000045776367,2025-04-07,Information Technology
TYL,1.4984629586502118,0.6359714210915145,535.030029296875,2025-04-07,Information Technology
VRSN,0.3284858439951352,0.24626524653290296,234.49000549316406,2025-04-07,Information Technology
WDC,0.4794159683057209,0.2110156306179978,31.15999984741211,2025-04-07,Information Technology
WDAY,0.32254418349531233,0.528163143201666,215.32000732421875,2025-04-07,Information Technology
ZBRA,-0.2971571305186265,0.264672180381453,223.49000549316406,2025-04-07,Information Technology
AES,-1.1312033970096937,0.06451599208526072,10.6899995803833,2025-04-07,Utilities
LNT,0.5452503405040164,0.3920608820078327,59.810001373291016,2025-04-07,Utilities
AEE,0.372834764067771,0.4415245981557391,94.33999633789062,2025-04-07,Utilities
AEP,0.5550448402726257,0.48655016419704705,101.56999969482422,2025-04-07,Utilities
AWK,-0.04753201374423487,0.27012053309222495,142.36000061035156,2025-04-07,Utilities
ATO,1.168679079298097,0.6292496049498754,145.05999755859375,2025-04-07,Utilities
CNP,0.6735303209613216,1.017962377386043,35.5,2025-04-07,Utilities
CMS,0.7769589995324541,0.4023283149352433,70.94000244140625,2025-04-07,Utilities
ED,0.5433041253061895,0.5458623306823086,105.4000015258789,2025-04-07,Utilities
CEG,1.3827244453372989,1.60162453528661,179.7899932861328,2025-04-07,Utilities
D,-0.03391137536825344,-0.25496020079148424,50.83000183105469,2025-04-07,Utilities
DTE,0.655708352102772,0.6477845642553018,127.94999694824219,2025-04-07,Utilities
DUK,1.0913352602829183,0.7130780988519416,116.86000061035156,2025-04-07,Utilities
EIX,-0.45562452057318925,0.1802596661208077,53.619998931884766,2025-04-07,Utilities
ETR,1.4831191183248937,0.8927575805410094,79.33999633789062,2025-04-07,Utilities
EVRG,0.39331428840204746,0.2962668769015742,64.36000061035156,2025-04-07,Utilities
ES,-0.7398117237450914,-0.32136894543657124,55.560001373291016,2025-04-07,Utilities
EXC,0.375098704872637,0.8440715509620984,44.689998626708984,2025-04-07,Utilities
FE,0.026926411544158393,0.11439360640375344,38.709999084472656,2025-04-07,Utilities
NEE,-0.22917002040109732,0.2663327054526175,65.05999755859375,2025-04-07,Utilities
NI,1.1137368219749715,0.6551835747724005,37.15999984741211,2025-04-07,Utilities
NRG,1.8650522372575684,1.0379713397192056,87.23999786376953,2025-04-07,Utilities
PCG,-0.05770032427307946,0.40950525211905653,16.079999923706055,2025-04-07,Utilities
PNW,0.7655015945601641,0.4405520647696981,89.62000274658203,2025-04-07,Utilities
PPL,0.9134959739108867,0.5791678820274551,33.52000045776367,2025-04-07,Utilities
PEG,0.8503241696185553,0.728291525763173,77.12999725341797,2025-04-07,Utilities
SRE,-0.2279426838464832,0.1986035976626671,63.90999984741211,2025-04-07,Utilities
SO,1.1064372923375507,0.8233607341830829,87.22000122070312,2025-04-07,Utilities
VST,1.8863405110742615,1.2739921585388596,102.69000244140625,2025-04-07,Utilities
WEC,0.456742289857278,0.3161644558111048,103.20999908447266,2025-04-07,Utilities
XEL,0.04342423083590658,0.2413458281177905,67.05999755859375,2025-04-07,Utilities
AFL,1.3372131369799933,1.2277407433319918,100.0,2025-04-07,Financials
ALL,1.507992595938189,0.8052708684528062,180.52999877929688,2025-04-07,Financials
AXP,1.122580587647858,1.0696263532035335,234.27999877929688,2025-04-07,Financials
AIG,1.4801242123231826,1.1996977538992644,77.55999755859375,2025-04-07,Financials
AMP,1.0665785974816104,1.3777676138145643,427.95001220703125,2025-04-07,Financials
AON,0.4386736709926424,0.8580746965842502,364.3500061035156,2025-04-07,Financials
APO,1.3124502221338779,1.037080547070258,112.36000061035156,2025-04-07,Financials
ACGL,0.7716721270563428,1.1636204396056162,84.98999786376953,2025-04-07,Financials
AJG,1.5276789033441864,1.678735007809053,310.8599853515625,2025-04-07,Financials
AIZ,1.546004059848326,0.6652799066735428,181.41000366210938,2025-04-07,Financials
BAC,0.8852894816530633,0.6118315636520201,35.58000183105469,2025-04-07,Financials
BRK-B,1.9678343414126551,1.4868520088261736,490.3800048828125,2025-04-07,Financials
BLK,0.8668849502358831,0.825549431602871,817.5,2025-04-07,Financials
BX,1.1991883653281006,1.050535853256016,124.6500015258789,2025-04-07,Financials
BK,1.7457384384294385,0.9689845007317668,74.08999633789062,2025-04-07,Financials
BRO,2.334929892439012,1.231531868478923,112.66999816894531,2025-04-07,Financials
COF,1.424343017853315,1.0544568804329164,154.6699981689453,2025-04-07,Financials
CBOE,1.6778293115751581,1.1729876722226962,207.27000427246094,2025-04-07,Financials
SCHW,1.0697813053433651,0.7561276635375246,70.04000091552734,2025-04-07,Financials
CB,1.3466614077187546,1.1248117060762444,274.32000732421875,2025-04-07,Financials
CINF,0.5652381815182552,0.5930875696478289,126.5999984741211,2025-04-07,Financials
C,0.8682109823316139,0.5254593576039471,58.849998474121094,2025-04-07,Financials
CFG,0.7632324540289289,0.7632692901732111,34.84000015258789,2025-04-07,Financials
CME,1.4572509943908414,0.6860417386396424,252.3699951171875,2025-04-07,Financials
CPAY,0.8023109450776553,0.3560479087395493,288.2900085449219,2025-04-07,Financials
DFS,0.9901110473139145,1.2620560199432276,150.8800048828125,2025-04-07,Financials
ERIE,1.4746194799493417,1.0449822165326978,381.04998779296875,2025-04-07,Financials
EG,-0.12373240291937562,0.6430805603988082,326.44000244140625,2025-04-07,Financials
FDS,0.07180694554452449,0.5343831729158768,405.5799865722656,2025-04-07,Financials
FIS,0.7833571968179557,-0.22819341348695796,68.69999694824219,2025-04-07,Financials
FITB,1.0104271811656873,0.8829613553791321,34.06999969482422,2025-04-07,Financials
FI,1.8187545228269189,0.798573321540516,198.44000244140625,2025-04-07,Financials
BEN,-0.6997953890923001,0.3841588109357755,16.8700008392334,2025-04-07,Financials
GPN,-0.3828636050452274,-0.3013801158428197,82.52999877929688,2025-04-07,Financials
GL,0.29662845263177817,0.37314648270447254,114.33000183105469,2025-04-07,Financials
GS,1.1818392270266178,1.1935442929097888,465.510009765625,2025-04-07,Financials
HIG,1.4618182815310585,1.2285426374588375,109.83000183105469,2025-04-07,Financials
HBAN,0.6585054290341975,0.6358658933515507,12.710000038146973,2025-04-07,Financials
ICE,1.4957019620114054,0.8639514495962337,154.64999389648438,2025-04-07,Financials
IVZ,-0.10292763756373358,0.5622701998875613,12.710000038146973,2025-04-07,Financials
JKHY,0.4980764383452396,0.10981475568395531,169.36000061035156,2025-04-07,Financials
JPM,1.583960000653247,1.0440882588265952,214.44000244140625,2025-04-07,Financials
KEY,0.7365684559801932,0.4922392357669084,13.510000228881836,2025-04-07,Financials
KKR,1.3859586386841314,1.2194020846367208,97.54000091552734,2025-04-07,Financials
L,1.3014077311756833,0.8705736296812047,80.88999938964844,2025-04-07,Financials
MTB,1.10034956438819,0.6007411082305313,157.64999389648438,2025-04-07,Financials
MKTX,-0.804492192300537,-0.31346842791397816,207.9199981689453,2025-04-07,Financials
MMC,1.1840546317871388,1.2576076590773804,223.74000549316406,2025-04-07,Financials
MA,1.0087580985678337,0.7312476329390369,485.5199890136719,2025-04-07,Financials
MET,0.5786868485586296,0.9093949262956834,69.33999633789062,2025-04-07,Financials
MCO,0.837518904785242,0.6352912339146806,398.0,2025-04-07,Financials
MS,0.6782725060685428,1.1764405786166663,100.91999816894531,2025-04-07,Financials
MSCI,0.018789504295074665,0.5948380596673313,506.55999755859375,2025-04-07,Financials
NDAQ,0.6495853528793729,0.8413409735592677,67.73999786376953,2025-04-07,Financials
NTRS,0.21710645214156843,0.2765105739977807,85.5,2025-04-07,Financials
PYPL,-0.2449443393054831,-0.14443816638911777,58.529998779296875,2025-04-07,Financials
PNC,0.9684901751948567,0.6982145365744618,152.80999755859375,2025-04-07,Financials
PFG,0.1687207986828373,1.039821947117034,71.6500015258789,2025-04-07,Financials
PGR,1.4103669800413647,1.3960602310580323,255.27000427246094,2025-04-07,Financials
PRU,0.6459679591390074,0.8011518454743335,95.77999877929688,2025-04-07,Financials
RJF,1.0621841080128953,1.1366033944948422,124.94000244140625,2025-04-07,Financials
RF,0.370362423103502,0.7895842057094818,18.68000030517578,2025-04-07,Financials
SPGI,0.8077296272684391,0.6032407922333513,438.30999755859375,2025-04-07,Financials
STT,0.22316788630446371,0.47162274915296776,76.30000305175781,2025-04-07,Financials
SYF,1.1964384408316466,1.050038462858238,44.810001373291016,2025-04-07,Financials
TROW,-0.4939413942509092,0.08365920356048431,81.66000366210938,2025-04-07,Financials
TRV,1.0281765864180634,1.0359749838741819,233.8300018310547,2025-04-07,Financials
TFC,0.5709728780053263,0.35291151669291865,35.13999938964844,2025-04-07,Financials
USB,0.4449638046605062,0.3180203349375926,36.79999923706055,2025-04-07,Financials
V,1.1559783965644592,0.7907488317180653,312.32000732421875,2025-04-07,Financials
WRB,1.3325011990821454,1.2002592788238664,64.27999877929688,2025-04-07,Financials
WFC,1.4999949338043808,0.8111554492429688,62.16999816894531,2025-04-07,Financials
WTW,0.8379643490002742,0.6096880790173268,301.010009765625,2025-04-07,Financials
APD,-0.00045541102635803757,0.339352849929117,259.1000061035156,2025-04-07,Materials
ALB,-1.3035803610833205,0.2654550402863933,58.099998474121094,2025-04-07,Materials
AMCR,-0.3842937676916595,0.3019736537520273,8.920000076293945,2025-04-07,Materials
AVY,-0.0956850190769608,0.5902390050584727,166.27999877929688,2025-04-07,Materials
BALL,-0.11802110436512196,-0.18640688526169844,47.16999816894531,2025-04-07,Materials
CF,0.25437983817369547,0.9739495609295059,72.04000091552734,2025-04-07,Materials
CTVA,-0.02849975276497035,0.8510475951095577,55.56999969482422,2025-04-07,Materials
DOW,-1.4170865323891035,0.10705362708011128,27.520000457763672,2025-04-07,Materials
DD,-0.2266878654649505,0.515404923116305,57.779998779296875,2025-04-07,Materials
EMN,0.009923084635470612,0.4718500044925813,73.6500015258789,2025-04-07,Materials
ECL,1.2782427554549836,0.39055530004856115,230.3300018310547,2025-04-07,Materials
FCX,-0.28929452011027007,1.238286043762717,30.3700008392334,2025-04-07,Materials
IFF,-0.2867883208841133,-0.24660099230177648,70.70999908447266,2025-04-07,Materials
IP,1.0466582319308513,0.7151995664363124,46.7400016784668,2025-04-07,Materials
LIN,0.7328152325784287,1.1586025035200125,425.8599853515625,2025-04-07,Materials
LYB,-1.0995583758941119,0.3819165840314425,56.599998474121094,2025-04-07,Materials
MLM,1.0614422309319824,0.9630463572206036,459.82000732421875,2025-04-07,Materials
MOS,-1.0325975046849416,0.7212655417973703,23.56999969482422,2025-04-07,Materials
NEM,-0.012394486813525151,0.0941975826907133,44.86000061035156,2025-04-07,Materials
NUE,-0.490876812387593,1.0175063557413095,104.97000122070312,2025-04-07,Materials
PKG,0.9272047493420946,1.0095881581637283,181.0399932861328,2025-04-07,Materials
PPG,-1.0287471166809612,0.19145986927591546,96.93000030517578,2025-04-07,Materials
SHW,1.4376401773094227,0.8867437472003823,322.80999755859375,2025-04-07,Materials
SW,-0.5364741612382031,-0.5364741612382031,39.40999984741211,2025-04-07,Materials
STLD,0.41359239581096113,1.4971790708277213,111.04000091552734,2025-04-07,Materials
VMC,1.1216725114336576,0.9055536886862753,228.52999877929688,2025-04-07,Materials
ABNB,0.1270028469221717,0.08751708960262046,106.30000305175781,2025-04-07,Consumer Discretionary
AMZN,1.4346998770807178,0.6167649616335399,175.25999450683594,2025-04-07,Consumer Discretionary
APTV,-1.00775053738648,0.09167179640240565,51.97999954223633,2025-04-07,Consumer Discretionary
AZO,1.0828184638664042,1.6036091133866464,3478.3798828125,2025-04-07,Consumer Discretionary
BBY,-0.06940989178673831,0.2664900993402398,61.22999954223633,2025-04-07,Consumer Discretionary
BKNG,1.3219973492374233,1.113616002630975,4244.68017578125,2025-04-07,Consumer Discretionary
CZR,-0.9170487009954459,0.5643029912185393,23.75,2025-04-07,Consumer Discretionary
KMX,0.4584659704400618,0.2785844992242287,73.76000213623047,2025-04-07,Consumer Discretionary
CCL,1.211554689515228,0.6019282245226834,16.43000030517578,2025-04-07,Consumer Discretionary
CMG,0.8465421464926396,1.2043305916295712,46.66999816894531,2025-04-07,Consumer Discretionary
DRI,1.1274842706078458,1.3396085353284406,188.97999572753906,2025-04-07,Consumer Discretionary
DECK,0.7693848127342843,1.256301953875216,106.12999725341797,2025-04-07,Consumer Discretionary
DPZ,0.8227230246773667,0.3975227158702533,436.57000732421875,2025-04-07,Consumer Discretionary
DASH,2.169246305859835,0.3134134496114335,166.3000030517578,2025-04-07,Consumer Discretionary
DHI,0.7219116736544053,1.1312372838295754,120.80999755859375,2025-04-07,Consumer Discretionary
EBAY,1.0095687165802665,0.7379131751142287,61.189998626708984,2025-04-07,Consumer Discretionary
EXPE,0.8487757540375485,0.800297867135138,139.82000732421875,2025-04-07,Consumer Discretionary
F,-0.10732754494132922,0.7712978488648876,9.239999771118164,2025-04-07,Consumer Discretionary
GRMN,1.7158543413777314,1.0647387245525834,180.86000061035156,2025-04-07,Consumer Discretionary
GM,0.6969195621029703,0.7270922296703881,43.529998779296875,2025-04-07,Consumer Discretionary
GPC,-0.507047776730107,0.5909053980991679,110.33999633789062,2025-04-07,Consumer Discretionary
HAS,0.4164493242523404,0.013984988099750609,53.16999816894531,2025-04-07,Consumer Discretionary
HLT,1.2934785607225925,1.2901129299295366,204.13999938964844,2025-04-07,Consumer Discretionary
HD,0.8394900107939794,0.8149966060759328,341.510009765625,2025-04-07,Consumer Discretionary
LVS,-1.092342291202108,-0.016488898996289778,32.099998474121094,2025-04-07,Consumer Discretionary
LEN,0.37118766517763807,0.985561641303975,107.08000183105469,2025-04-07,Consumer Discretionary
LKQ,-0.5380452286119687,0.6825783845691846,39.5099983215332,2025-04-07,Consumer Discretionary
LOW,0.46711908310395356,1.0368109989510403,216.94000244140625,2025-04-07,Consumer Discretionary
LULU,-0.3757336103684636,0.3914183791653394,265.0,2025-04-07,Consumer Discretionary
MAR,0.8663786855591569,1.0370670424022466,213.36000061035156,2025-04-07,Consumer Discretionary
MCD,0.3723377728219107,0.957544935055903,299.8900146484375,2025-04-07,Consumer Discretionary
MGM,-0.7505120817423093,0.6833490633671366,26.299999237060547,2025-04-07,Consumer Discretionary
MHK,0.41703507461189443,0.36274093011160696,102.16000366210938,2025-04-07,Consumer Discretionary
NKE,-1.1139957473926647,-0.15999011372659583,55.61000061035156,2025-04-07,Consumer Discretionary
NCLH,0.5326175711362466,0.5400768802400361,15.5,2025-04-07,Consumer Discretionary
NVR,0.8432966960196003,1.0225523177293552,7046.72998046875,2025-04-07,Consumer Discretionary
ORLY,1.5830311309609002,1.658629478120386,1333.8399658203125,2025-04-07,Consumer Discretionary
POOL,0.00383056403535106,0.5583539602849318,303.0799865722656,2025-04-07,Consumer Discretionary
PHM,1.407998208547686,1.2972964184525908,96.13999938964844,2025-04-07,Consumer Discretionary
RL,1.39313774274485,0.9439743071991563,193.1699981689453,2025-04-07,Consumer Discretionary
ROST,0.866718323851901,0.49903026341789464,127.87999725341797,2025-04-07,Consumer Discretionary
RCL,2.2625834832948337,1.178811712831433,179.5500030517578,2025-04-07,Consumer Discretionary
SBUX,-0.3163843373318223,0.29890211276958595,80.0,2025-04-07,Consumer Discretionary
TPR,1.257694164633719,1.3142461912839694,62.9900016784668,2025-04-07,Consumer Discretionary
TSLA,0.7348305470630324,1.3417728347192452,233.2899932861328,2025-04-07,Consumer Discretionary
TJX,2.1139128955700004,1.2127058539830724,119.12999725341797,2025-04-07,Consumer Discretionary
TSCO,0.4240135528430192,1.2581982218006436,49.349998474121094,2025-04-07,Consumer Discretionary
ULTA,-0.6504948680139315,0.5962718608830366,342.92999267578125,2025-04-07,Consumer Discretionary
WSM,1.8895351690228497,1.5146128607536935,145.08999633789062,2025-04-07,Consumer Discretionary
WYNN,-0.841199143304318,0.3027292343059705,67.93000030517578,2025-04-07,Consumer Discretionary
YUM,0.4760952732837181,1.0066898004424474,144.92999267578125,2025-04-07,Consumer Discretionary
ARE,-0.8455050747306028,-0.4479360591159408,77.80999755859375,2025-04-07,Real Estate
AMT,0.3726101981116327,0.013896674833536607,213.38999938964844,2025-04-07,Real Estate
AVB,0.6934353635248942,0.45418214637309723,188.80999755859375,2025-04-07,Real Estate
BXP,0.6977595590489875,-0.1016040778735925,58.4900016784668,2025-04-07,Real Estate
CPT,0.40672625872078466,0.5422957626575643,108.05000305175781,2025-04-07,Real Estate
CBRE,1.4631712543911468,1.039051221674291,117.1500015258789,2025-04-07,Real Estate
CSGP,0.38420867066548847,0.3233077761900882,75.75,2025-04-07,Real Estate
CCI,-0.4976990397989895,-0.25122905616389724,98.20999908447266,2025-04-07,Real Estate
DLR,1.291267304555365,0.21033186321011155,136.6699981689453,2025-04-07,Real Estate
EQIX,0.3336862023588986,0.29564555774092444,747.739990234375,2025-04-07,Real Estate
EQR,0.4294713527633622,0.1886454149270457,62.52000045776367,2025-04-07,Real Estate
ESS,1.0468594119118775,0.3627766997912261,262.3900146484375,2025-04-07,Real Estate
EXR,-0.2297938597786599,0.5347436628422364,132.3800048828125,2025-04-07,Real Estate
FRT,-0.10145838297529501,0.37720885660654035,86.56999969482422,2025-04-07,Real Estate
DOC,-0.05310246135192481,-0.0992356094989243,18.200000762939453,2025-04-07,Real Estate
HST,-0.24179192840806887,0.4265910860041505,12.920000076293945,2025-04-07,Real Estate
INVH,0.2573070102108133,0.5410029756359068,31.440000534057617,2025-04-07,Real Estate
IRM,1.1309968090556883,1.321268073540478,77.52999877929688,2025-04-07,Real Estate
KIM,0.38908348193162107,0.8672331879456915,19.1200008392334,2025-04-07,Real Estate
MAA,0.32462975281444056,0.6220720099706084,150.7100067138672,2025-04-07,Real Estate
PLD,-0.4553938869472441,0.2572112845277736,94.5199966430664,2025-04-07,Real Estate
PSA,-0.08928949925776365,0.646964325109461,275.69000244140625,2025-04-07,Real Estate
O,-0.230109169238713,0.3007568053299258,52.93000030517578,2025-04-07,Real Estate
REG,0.7541496034529227,0.8117543948678639,67.54000091552734,2025-04-07,Real Estate
SBAC,-0.3045369013766155,-0.20184563391175234,214.42999267578125,2025-04-07,Real Estate
SPG,1.1224356755744738,0.9950802908516895,143.33999633789062,2025-04-07,Real Estate
UDR,0.1432769459255292,0.23688607037443382,39.18000030517578,2025-04-07,Real Estate
VTR,1.5562845859063534,0.9315738277459605,64.16000366210938,2025-04-07,Real Estate
VICI,0.0893424047852874,1.0566322429539319,29.760000228881836,2025-04-07,Real Estate
WELL,2.8050121383840074,1.123891394955369,138.80999755859375,2025-04-07,Real Estate
WY,-0.32091710431249404,0.4745424598205555,25.479999542236328,2025-04-07,Real Estate
GOOGL,0.8271650033085607,0.9670777165357523,146.75,2025-04-07,Communication Services
GOOG,0.8543511626548769,0.9714786427353852,149.24000549316406,2025-04-07,Communication Services
T,1.1371420541803872,0.6260078490218599,26.829999923706055,2025-04-07,Communication Services
CHTR,0.0829707707842558,-0.11925254248959112,332.8900146484375,2025-04-07,Communication Services
CMCSA,-0.07985863382961879,0.07712979472419572,33.470001220703125,2025-04-07,Communication Services
EA,0.2263752208311603,0.31899031186262333,134.6199951171875,2025-04-07,Communication Services
FOXA,1.2373424024745254,0.7828928670731358,48.54999923706055,2025-04-07,Communication Services
FOX,1.2492401438849268,0.7391940858096034,44.529998779296875,2025-04-07,Communication Services
IPG,-0.8275869858446937,0.6441740948085533,23.280000686645508,2025-04-07,Communication Services
LYV,1.4204705725459468,1.07529172190164,119.2300033569336,2025-04-07,Communication Services
MTCH,-0.20377542672398186,-0.27582474676258456,27.850000381469727,2025-04-07,Communication Services
META,2.135484972817321,0.8820329750807152,516.25,2025-04-07,Communication Services
NFLX,2.371609180714886,0.715674485181104,867.8300170898438,2025-04-07,Communication Services
NWSA,1.265961659166945,1.090785654612184,24.079999923706055,2025-04-07,Communication Services
NWS,1.6584982690511754,1.179495076186089,27.40999984741211,2025-04-07,Communication Services
OMC,-0.4267157510335691,0.5082474661762889,71.55000305175781,2025-04-07,Communication Services
PARA,-0.5307987638156008,0.18554886333194862,10.859999656677246,2025-04-07,Communication Services
TMUS,1.6151323421998196,1.3481501897765946,246.6699981689453,2025-04-07,Communication Services
TTWO,1.517758478560585,0.5575145913706051,197.52999877929688,2025-04-07,Communication Services
TKO,0.8304981315546829,1.366578431400478,141.17999267578125,2025-04-07,Communication Services
VZ,0.6022190175346356,-0.030843002266241544,42.58000183105469,2025-04-07,Communication Services
DIS,-0.32918104084332256,-0.07238184429394456,83.30000305175781,2025-04-07,Communication Services
WBD,-0.5404825507380421,-0.19772095689076125,8.09000015258789,2025-04-07,Communication Services
MO,1.447235951247445,0.8176211765345699,55.65999984741211,2025-04-07,Consumer Staples
ADM,-0.819259736416464,0.3055621912389944,42.97999954223633,2025-04-07,Consumer Staples
BF.B,,,,N/A,Consumer Staples
BG,-0.48453116324970363,0.7742309633955289,71.83999633789062,2025-04-07,Consumer Staples
CPB,-0.874350395498652,-0.036248377878725355,38.09000015258789,2025-04-07,Consumer Staples
CHD,0.5304169042377811,0.608680164520903,102.55000305175781,2025-04-07,Consumer Staples
CLX,-0.17647574276121528,-0.07217751494447563,138.89999389648438,2025-04-07,Consumer Staples
KO,0.6290021171919761,0.7215671369082621,68.37000274658203,2025-04-07,Consumer Staples
CL,0.7828838662098215,0.5310428319653756,89.19000244140625,2025-04-07,Consumer Staples
CAG,-0.9548600240965058,-0.008749922144966395,25.989999771118164,2025-04-07,Consumer Staples
STZ,-0.5002981829076166,0.17103442755651382,172.58999633789062,2025-04-07,Consumer Staples
COST,2.146340961396382,1.4116005404007224,908.1300048828125,2025-04-07,Consumer Staples
DG,-0.7666870143318733,-0.23263351263210974,92.0199966430664,2025-04-07,Consumer Staples
DLTR,-0.7971700711668266,0.13715678903694214,72.83999633789062,2025-04-07,Consumer Staples
EL,-1.565903711048936,-0.4795551529159039,52.95000076293945,2025-04-07,Consumer Staples
GIS,-1.1815328800607483,0.24560721027528187,58.630001068115234,2025-04-07,Consumer Staples
HSY,-1.3715612768770788,0.34198091480313453,162.60000610351562,2025-04-07,Consumer Staples
HRL,-0.551117470354936,-0.35954764717962295,30.040000915527344,2025-04-07,Consumer Staples
K,1.3352909975527711,0.7282348063611623,81.63999938964844,2025-04-07,Consumer Staples
KVUE,-0.36725185049375186,-0.36725185049375186,21.770000457763672,2025-04-07,Consumer Staples
KDP,-0.031663069671752225,0.4879303919579568,33.599998474121094,2025-04-07,Consumer Staples
KMB,0.17114613435144402,0.2675838040735013,134.5399932861328,2025-04-07,Consumer Staples
KHC,-0.750109033971027,0.31716089689505494,28.530000686645508,2025-04-07,Consumer Staples
KR,1.4311902918765167,1.0451956773614974,66.45999908447266,2025-04-07,Consumer Staples
LW,-0.5331048336716746,0.1848060162431208,56.540000915527344,2025-04-07,Consumer Staples
MKC,-0.2902214978095813,0.09546523569749601,73.91999816894531,2025-04-07,Consumer Staples
TAP,0.644223456999075,0.444282053238529,60.36000061035156,2025-04-07,Consumer Staples
MDLZ,-0.15136240116050576,0.49029316884637725,65.2300033569336,2025-04-07,Consumer Staples
MNST,0.2691115643817803,0.8068820862030979,57.11000061035156,2025-04-07,Consumer Staples
PEP,-0.7942981412503204,0.3015313252127471,143.19000244140625,2025-04-07,Consumer Staples
PM,1.8887535541453262,1.253586523292095,151.22999572753906,2025-04-07,Consumer Staples
PG,0.34981409741952063,0.6717569469527049,160.22999572753906,2025-04-07,Consumer Staples
SJM,-0.8665840086116593,0.24495507949511885,113.02999877929688,2025-04-07,Consumer Staples
SYY,-0.18791157366945999,0.5935373079336225,69.45999908447266,2025-04-07,Consumer Staples
TGT,-0.751893653646441,0.15644596035089364,94.37999725341797,2025-04-07,Consumer Staples
TSN,0.16521044384945985,0.17770334797291057,58.22999954223633,2025-04-07,Consumer Staples
WBA,-1.2270817681606896,-0.5798410133861576,10.710000038146973,2025-04-07,Consumer Staples
WMT,1.7387823575806318,0.9958026514501191,83.83000183105469,2025-04-07,Consumer Staples
APA,-1.142141328317167,0.7503606086567536,14.960000038146973,2025-04-07,Energy
BKR,0.7047189822002453,1.1306050894662238,35.709999084472656,2025-04-07,Energy
CVX,-0.24843558514005415,0.8604663737178302,140.14999389648438,2025-04-07,Energy
COP,-0.3186903661445312,1.0830161509379372,85.66999816894531,2025-04-07,Energy
CTRA,0.26987535945568847,0.6364099512161818,25.040000915527344,2025-04-07,Energy
DVN,-0.969910288610528,1.1615070950030009,28.610000610351562,2025-04-07,Energy
FANG,0.02429426927651053,1.2576114268507823,124.52999877929688,2025-04-07,Energy
EOG,0.004967218533824005,1.0910355982711057,109.02999877929688,2025-04-07,Energy
EQT,1.0648835656718068,1.314899831701681,47.310001373291016,2025-04-07,Energy
EXE,1.05521833561484,1.1651893354667093,100.05999755859375,2025-04-07,Energy
XOM,-0.11500201148967887,1.2599747058125035,102.94000244140625,2025-04-07,Energy
HAL,-0.7731196113215602,0.9271280915416411,19.989999771118164,2025-04-07,Energy
HES,-0.04574265691683488,1.1616419671783067,130.58999633789062,2025-04-07,Energy
KMI,1.4487834540713211,1.0163501913172248,25.3700008392334,2025-04-07,Energy
MPC,0.08511192101836013,1.535644444507228,121.66000366210938,2025-04-07,Energy
OXY,-1.1090780222157288,0.9566123021099209,38.75,2025-04-07,Energy
OKE,0.7412493870139076,1.2069884227978562,80.91000366210938,2025-04-07,Energy
PSX,0.10337200999458904,0.7014522751139646,96.58999633789062,2025-04-07,Energy
SLB,-0.6754093088293187,0.8297250375767073,33.13999938964844,2025-04-07,Energy
TRGP,1.9180302280468502,2.4360250520611735,165.27999877929688,2025-04-07,Energy
TPL,1.3340275233079895,1.5413172481108584,1153.9100341796875,2025-04-07,Energy
VLO,-0.1987573748796333,0.9663387358114544,106.66999816894531,2025-04-07,Energy
WMB,2.1580012945165783,1.7448373242892332,54.849998474121094,2025-04-07,Energy
